Variable,Control_Mean,Control_SD,Treatment_Mean,Treatment_SD,Difference,P_Value
min_gpt_intermediate,0.17647058823529413,0.3840544298562199,0.14285714285714285,0.35503580124836315,-0.03361344537815128,0.659428887053098
max_researcher,0.07352941176470588,0.26294409317754647,0,0,-0.07352941176470588,0.024214685339579097
number_teammates,2.514705882352941,0.5857167329931466,2.8285714285714287,0.568057281997381,0.3138655462184876,0.01053070056735808
max_professor,0.5441176470588235,0.5017528537548117,0.6857142857142857,0.47100821595360554,0.14159663865546224,0.16189652621636808
min_gpt_never,0.22058823529411764,0.4177261916648386,0.2571428571428571,0.4434395736311599,0.03655462184873948,0.6874871170825336
